Date Time, Water Level, Sigma, O, F, R, L, Quality 
2014-10-19 06:30,1.335,0.007,1,0,0,0,p
2014-10-19 06:36,1.332,0.010,1,0,0,0,p
2014-10-19 06:42,1.332,0.010,0,0,0,0,p
2014-10-19 06:48,1.332,0.010,1,0,0,0,p
2014-10-19 06:54,1.325,0.010,1,0,0,0,p
2014-10-19 07:00,1.325,0.010,1,0,0,0,p
2014-10-19 07:06,1.319,0.010,1,0,0,0,p
2014-10-19 07:12,1.319,0.010,1,0,0,0,p
2014-10-19 07:18,1.316,0.010,1,0,0,0,p
2014-10-19 07:24,1.316,0.010,0,0,0,0,p
2014-10-19 07:30,1.325,0.013,0,0,0,0,p
2014-10-19 07:36,1.332,0.013,1,0,0,0,p
2014-10-19 07:42,1.355,0.016,0,0,0,0,p
2014-10-19 07:48,1.394,0.020,1,0,0,0,p
2014-10-19 07:54,1.437,0.020,1,0,0,0,p
2014-10-19 08:00,1.490,0.020,1,0,0,0,p
2014-10-19 08:06,1.555,0.023,1,0,0,0,p
2014-10-19 08:12,1.637,0.020,1,0,0,0,p
2014-10-19 08:18,1.729,0.023,1,0,0,0,p
2014-10-19 08:24,1.850,0.026,0,0,0,0,p
2014-10-19 08:30,1.969,0.023,1,0,0,0,p
2014-10-19 08:36,2.096,0.043,1,0,0,0,p
2014-10-19 08:42,2.228,0.026,1,0,0,0,p
2014-10-19 08:48,2.375,0.030,1,0,0,0,p
2014-10-19 08:54,2.526,0.026,1,0,0,0,p
2014-10-19 09:00,2.684,0.026,0,0,0,0,p
2014-10-19 09:06,2.848,0.020,1,0,0,0,p
2014-10-19 09:12,3.012,0.023,1,0,0,0,p
2014-10-19 09:18,3.196,0.026,1,0,0,0,p
2014-10-19 09:24,3.369,0.030,0,0,0,0,p
2014-10-19 09:30,3.556,0.026,0,0,0,0,p
2014-10-19 09:36,3.743,0.023,1,0,0,0,p
2014-10-19 09:42,3.937,0.030,0,0,0,0,p
2014-10-19 09:48,4.137,0.026,0,0,0,0,p
2014-10-19 09:54,4.324,0.023,1,0,0,0,p
2014-10-19 10:00,4.518,0.026,0,0,0,0,p
2014-10-19 10:06,4.718,0.030,0,0,0,0,p
2014-10-19 10:12,4.918,0.026,0,0,0,0,p
2014-10-19 10:18,5.108,0.026,1,0,0,0,p
2014-10-19 10:24,5.302,0.026,1,0,0,0,p
2014-10-19 10:30,5.495,0.030,0,0,0,0,p
2014-10-19 10:36,5.689,0.026,1,0,0,0,p
2014-10-19 10:42,5.869,0.023,1,0,0,0,p
2014-10-19 10:48,6.050,0.023,1,0,0,0,p
2014-10-19 10:54,6.217,0.020,1,0,0,0,p
2014-10-19 11:00,6.378,0.020,1,0,0,0,p
2014-10-19 11:06,6.526,0.020,1,0,0,0,p
2014-10-19 11:12,6.670,0.023,1,0,0,0,p
2014-10-19 11:18,6.801,0.023,0,0,0,0,p
2014-10-19 11:24,6.909,0.016,1,0,0,0,p
2014-10-19 11:30,7.008,0.020,1,0,0,0,p
2014-10-19 11:36,7.090,0.016,1,0,0,0,p
2014-10-19 11:42,7.156,0.016,1,0,0,0,p
2014-10-19 11:48,7.208,0.013,1,0,0,0,p
2014-10-19 11:54,7.251,0.013,1,0,0,0,p
2014-10-19 12:00,7.287,0.013,1,0,0,0,p
2014-10-19 12:06,7.313,0.013,1,0,0,0,p
2014-10-19 12:12,7.329,0.013,1,0,0,0,p
2014-10-19 12:18,7.343,0.013,1,0,0,0,p
2014-10-19 12:24,7.349,0.013,1,0,0,0,p
2014-10-19 12:30,7.352,0.013,1,0,0,0,p
2014-10-19 12:36,7.352,0.013,1,0,0,0,p
2014-10-19 12:42,7.349,0.013,1,0,0,0,p
2014-10-19 12:48,7.356,0.033,0,0,0,0,p
2014-10-19 12:54,7.352,0.013,1,0,0,0,p
2014-10-19 13:00,7.359,0.013,1,0,0,0,p
2014-10-19 13:06,7.352,0.043,0,0,0,0,p
2014-10-19 13:12,7.352,0.033,1,0,0,0,p
2014-10-19 13:18,7.333,0.016,1,0,0,0,p
2014-10-19 13:24,7.323,0.020,1,0,0,0,p
2014-10-19 13:30,7.310,0.016,1,0,0,0,p
2014-10-19 13:36,7.280,0.020,1,0,0,0,p
2014-10-19 13:42,7.244,0.020,1,0,0,0,p
2014-10-19 13:48,7.228,0.016,1,0,0,0,p
2014-10-19 13:54,7.192,0.020,0,0,0,0,p
2014-10-19 14:00,7.139,0.023,1,0,0,0,p
2014-10-19 14:06,7.080,0.043,1,0,0,0,p
2014-10-19 14:12,7.018,0.026,1,0,0,0,p
2014-10-19 14:18,6.946,0.043,1,0,0,0,p
2014-10-19 14:24,6.850,0.023,1,0,0,0,p
2014-10-19 14:30,6.759,0.033,1,0,0,0,p
2014-10-19 14:36,6.663,0.023,1,0,0,0,p
2014-10-19 14:42,6.565,0.033,0,0,0,0,p
2014-10-19 14:48,6.444,0.030,1,0,0,0,p
2014-10-19 14:54,6.319,0.026,1,0,0,0,p
2014-10-19 15:00,6.198,0.026,1,0,0,0,p
2014-10-19 15:06,6.053,0.026,1,0,0,0,p
2014-10-19 15:12,5.899,0.033,1,0,0,0,p
2014-10-19 15:18,5.732,0.030,1,0,0,0,p
2014-10-19 15:24,5.558,0.036,1,0,0,0,p
2014-10-19 15:30,5.384,0.036,1,0,0,0,p
2014-10-19 15:36,5.217,0.033,1,0,0,0,p
2014-10-19 15:42,5.016,0.026,1,0,0,0,p
2014-10-19 15:48,4.829,0.036,1,0,0,0,p
2014-10-19 15:54,4.652,0.033,1,0,0,0,p
2014-10-19 16:00,4.465,0.033,1,0,0,0,p
2014-10-19 16:06,4.275,0.030,1,0,0,0,p
2014-10-19 16:12,4.081,0.036,1,0,0,0,p
2014-10-19 16:18,3.917,0.030,1,0,0,0,p
2014-10-19 16:24,3.714,0.023,1,0,0,0,p
2014-10-19 16:30,3.543,0.036,1,0,0,0,p
2014-10-19 16:36,3.340,0.036,1,0,0,0,p
2014-10-19 16:42,3.173,0.036,1,0,0,0,p
2014-10-19 16:48,3.002,0.030,1,0,0,0,p
2014-10-19 16:54,2.815,0.033,1,0,0,0,p
2014-10-19 17:00,2.638,0.039,1,0,0,0,p
2014-10-19 17:06,2.474,0.046,1,0,0,0,p
2014-10-19 17:12,2.326,0.072,1,0,0,0,p
2014-10-19 17:18,2.185,0.052,1,0,0,0,p
2014-10-19 17:24,2.031,0.052,0,0,0,0,p
2014-10-19 17:30,1.877,0.046,1,0,0,0,p
2014-10-19 17:36,1.739,0.056,1,0,0,0,p
2014-10-19 17:42,1.627,0.049,1,0,0,0,p
2014-10-19 17:48,1.506,0.046,1,0,0,0,p
2014-10-19 17:54,1.401,0.072,1,0,0,0,p
2014-10-19 18:00,1.319,0.049,1,0,0,0,p
2014-10-19 18:06,1.240,0.052,0,0,0,0,p
2014-10-19 18:12,1.198,0.059,1,0,0,0,p
2014-10-19 18:18,1.155,0.056,1,0,0,0,p
2014-10-19 18:24,1.142,0.066,1,0,0,0,p
2014-10-19 18:30,1.106,0.059,0,0,0,0,p
2014-10-19 18:36,1.073,0.062,0,0,0,0,p
2014-10-19 18:42,1.063,0.056,1,0,0,0,p
2014-10-19 18:48,1.089,0.062,0,0,0,0,p
2014-10-19 18:54,1.053,0.059,1,0,0,0,p
2014-10-19 19:00,1.047,0.062,1,0,0,0,p
2014-10-19 19:06,1.014,0.069,0,0,0,0,p
2014-10-19 19:12,1.024,0.066,0,0,0,0,p
2014-10-19 19:18,1.004,0.056,0,0,0,0,p
2014-10-19 19:24,0.978,0.069,0,0,0,0,p
2014-10-19 19:30,0.965,0.059,1,0,0,0,p
2014-10-19 19:36,0.955,0.062,1,0,0,0,p
2014-10-19 19:42,0.978,0.056,0,0,0,0,p
2014-10-19 19:48,0.994,0.062,0,0,0,0,p
2014-10-19 19:54,1.017,0.056,1,0,0,0,p
2014-10-19 20:00,1.047,0.052,0,0,0,0,p
2014-10-19 20:06,1.079,0.056,0,0,0,0,p
2014-10-19 20:12,1.106,0.056,1,0,0,0,p
2014-10-19 20:18,1.165,0.062,1,0,0,0,p
2014-10-19 20:24,1.211,0.062,1,0,0,0,p
2014-10-19 20:30,1.266,0.072,1,0,0,0,p
2014-10-19 20:36,1.348,0.069,0,0,0,0,p
2014-10-19 20:42,1.430,0.069,0,0,0,0,p
2014-10-19 20:48,1.499,0.066,0,0,0,0,p
2014-10-19 20:54,1.604,0.059,0,0,0,0,p
2014-10-19 21:00,1.745,0.069,1,0,0,0,p
2014-10-19 21:06,1.870,0.072,0,0,0,0,p
2014-10-19 21:12,2.011,0.049,1,0,0,0,p
2014-10-19 21:18,2.192,0.069,1,0,0,0,p
2014-10-19 21:24,2.369,0.069,1,0,0,0,p
2014-10-19 21:30,2.533,0.059,1,0,0,0,p
2014-10-19 21:36,2.707,0.052,1,0,0,0,p
2014-10-19 21:42,2.923,0.056,0,0,0,0,p
2014-10-19 21:48,3.120,0.052,1,0,0,0,p
2014-10-19 21:54,3.340,0.049,1,0,0,0,p
2014-10-19 22:00,3.560,0.049,1,0,0,0,p
2014-10-19 22:06,3.786,0.043,1,0,0,0,p
2014-10-19 22:12,4.019,0.039,1,0,0,0,p
2014-10-19 22:18,4.252,0.033,1,0,0,0,p
2014-10-19 22:24,4.465,0.033,1,0,0,0,p
2014-10-19 22:30,4.682,0.033,1,0,0,0,p
2014-10-19 22:36,4.865,0.049,1,0,0,0,p
2014-10-19 22:42,5.072,0.033,1,0,0,0,p
2014-10-19 22:48,5.259,0.030,1,0,0,0,p
2014-10-19 22:54,5.427,0.030,1,0,0,0,p
2014-10-19 23:00,5.587,0.046,1,0,0,0,p
2014-10-19 23:06,5.745,0.036,0,0,0,0,p
2014-10-19 23:12,5.892,0.030,1,0,0,0,p
2014-10-19 23:18,6.040,0.026,0,0,0,0,p
2014-10-19 23:24,6.161,0.026,1,0,0,0,p
2014-10-19 23:30,6.266,0.023,1,0,0,0,p
2014-10-19 23:36,6.368,0.020,1,0,0,0,p
2014-10-19 23:42,6.457,0.016,1,0,0,0,p
2014-10-19 23:48,6.545,0.020,1,0,0,0,p
2014-10-19 23:54,6.621,0.023,1,0,0,0,p
2014-10-20 00:00,6.699,0.016,1,0,0,0,p
2014-10-20 00:06,6.762,0.016,1,0,0,0,p
2014-10-20 00:12,6.821,0.016,1,0,0,0,p
2014-10-20 00:18,6.867,0.016,1,0,0,0,p
2014-10-20 00:24,6.909,0.016,1,0,0,0,p
2014-10-20 00:30,6.939,0.016,1,0,0,0,p
2014-10-20 00:36,6.965,0.013,1,0,0,0,p
2014-10-20 00:42,6.995,0.016,1,0,0,0,p
2014-10-20 00:48,7.024,0.016,1,0,0,0,p
2014-10-20 00:54,7.044,0.016,1,0,0,0,p
2014-10-20 01:00,7.060,0.013,1,0,0,0,p
2014-10-20 01:06,7.073,0.013,1,0,0,0,p
2014-10-20 01:12,7.090,0.013,0,0,0,0,p
2014-10-20 01:18,7.096,0.013,1,0,0,0,p
2014-10-20 01:24,7.100,0.016,1,0,0,0,p
2014-10-20 01:30,7.093,0.013,1,0,0,0,p
2014-10-20 01:36,7.087,0.013,1,0,0,0,p
2014-10-20 01:42,7.067,0.013,1,0,0,0,p
2014-10-20 01:48,7.047,0.013,1,0,0,0,p
2014-10-20 01:54,7.024,0.013,1,0,0,0,p
2014-10-20 02:00,7.001,0.013,0,0,0,0,p
2014-10-20 02:06,6.972,0.013,1,0,0,0,p
2014-10-20 02:12,6.936,0.010,1,0,0,0,p
2014-10-20 02:18,6.900,0.013,1,0,0,0,p
2014-10-20 02:24,6.854,0.010,1,0,0,0,p
2014-10-20 02:30,6.795,0.013,1,0,0,0,p
2014-10-20 02:36,6.716,0.013,1,0,0,0,p
2014-10-20 02:42,6.634,0.016,0,0,0,0,p
2014-10-20 02:48,6.539,0.013,1,0,0,0,p
2014-10-20 02:54,6.437,0.016,0,0,0,0,p
2014-10-20 03:00,6.325,0.016,1,0,0,0,p
2014-10-20 03:06,6.207,0.016,0,0,0,0,p
2014-10-20 03:12,6.086,0.020,0,0,0,0,p
2014-10-20 03:18,5.945,0.020,0,0,0,0,p
2014-10-20 03:24,5.791,0.023,0,0,0,0,p
2014-10-20 03:30,5.630,0.023,0,0,0,0,p
2014-10-20 03:36,5.459,0.026,0,0,0,0,p
2014-10-20 03:42,5.276,0.026,0,0,0,0,p
2014-10-20 03:48,5.089,0.026,0,0,0,0,p
2014-10-20 03:54,4.892,0.023,0,0,0,0,p
2014-10-20 04:00,4.698,0.023,0,0,0,0,p
2014-10-20 04:06,4.508,0.026,0,0,0,0,p
2014-10-20 04:12,4.318,0.026,0,0,0,0,p
2014-10-20 04:18,4.127,0.026,1,0,0,0,p
2014-10-20 04:24,3.947,0.030,0,0,0,0,p
2014-10-20 04:30,3.766,0.033,1,0,0,0,p
2014-10-20 04:36,3.586,0.030,0,0,0,0,p
2014-10-20 04:42,3.412,0.026,1,0,0,0,p
2014-10-20 04:48,3.251,0.023,0,0,0,0,p
2014-10-20 04:54,3.087,0.020,1,0,0,0,p
2014-10-20 05:00,2.930,0.023,0,0,0,0,p
2014-10-20 05:06,2.772,0.023,0,0,0,0,p
2014-10-20 05:12,2.612,0.020,0,0,0,0,p
2014-10-20 05:18,2.457,0.023,0,0,0,0,p
2014-10-20 05:24,2.303,0.020,0,0,0,0,p
2014-10-20 05:30,2.156,0.020,0,0,0,0,p
2014-10-20 05:36,2.008,0.020,0,0,0,0,p
2014-10-20 05:42,1.867,0.016,0,0,0,0,p
2014-10-20 05:48,1.729,0.016,0,0,0,0,p
2014-10-20 05:54,1.598,0.016,1,0,0,0,p
2014-10-20 06:00,1.476,0.016,0,0,0,0,p
2014-10-20 06:06,1.358,0.016,0,0,0,0,p
2014-10-20 06:12,1.247,0.013,0,0,0,0,p
2014-10-20 06:18,1.148,0.013,0,0,0,0,p
2014-10-20 06:24,1.047,0.013,0,0,0,0,p
2014-10-20 06:30,0.961,0.013,1,0,0,0,p
2014-10-20 06:36,0.886,0.010,1,0,0,0,p
2014-10-20 06:42,0.827,0.007,0,0,0,0,p
2014-10-20 06:48,0.781,0.007,1,0,0,0,p
2014-10-20 06:54,0.741,0.007,1,0,0,0,p
2014-10-20 07:00,0.722,0.007,1,0,0,0,p
2014-10-20 07:06,0.702,0.016,1,0,0,0,p
2014-10-20 07:12,0.679,0.016,0,0,0,0,p
2014-10-20 07:18,0.669,0.013,1,0,0,0,p
2014-10-20 07:24,0.646,0.007,1,0,0,0,p
2014-10-20 07:30,0.627,0.007,1,0,0,0,p
2014-10-20 07:36,0.604,0.007,0,0,0,0,p
2014-10-20 07:42,0.581,0.007,0,0,0,0,p
2014-10-20 07:48,0.551,0.007,1,0,0,0,p
2014-10-20 07:54,0.525,0.003,1,0,0,0,p
2014-10-20 08:00,0.502,0.007,1,0,0,0,p
2014-10-20 08:06,0.482,0.003,1,0,0,0,p
2014-10-20 08:12,0.466,0.007,1,0,0,0,p
2014-10-20 08:18,0.456,0.003,1,0,0,0,p
2014-10-20 08:24,0.446,0.003,1,0,0,0,p
2014-10-20 08:30,0.453,0.007,1,0,0,0,p
2014-10-20 08:36,0.469,0.007,1,0,0,0,p
2014-10-20 08:42,0.502,0.007,1,0,0,0,p
2014-10-20 08:48,0.551,0.010,1,0,0,0,p
2014-10-20 08:54,0.620,0.010,1,0,0,0,p
2014-10-20 09:00,0.705,0.010,1,0,0,0,p
2014-10-20 09:06,0.761,0.013,1,0,0,0,p
2014-10-20 09:12,0.892,0.016,0,0,0,0,p
2014-10-20 09:18,1.020,0.016,1,0,0,0,p
2014-10-20 09:24,1.161,0.016,0,0,0,0,p
2014-10-20 09:30,1.316,0.026,0,0,0,0,p
2014-10-20 09:36,1.483,0.026,0,0,0,0,p
2014-10-20 09:42,1.670,0.026,0,0,0,0,p
2014-10-20 09:48,1.880,0.030,0,0,0,0,p
2014-10-20 09:54,2.110,0.033,0,0,0,0,p
2014-10-20 10:00,2.356,0.033,0,0,0,0,p
2014-10-20 10:06,2.621,0.033,0,0,0,0,p
2014-10-20 10:12,2.894,,1,0,0,0,p
2014-10-20 10:18,3.176,0.039,0,0,0,0,p
2014-10-20 10:24,3.461,0.039,0,0,0,0,p
2014-10-20 10:30,3.747,0.036,1,0,0,0,p
2014-10-20 10:36,4.032,0.039,1,0,0,0,p
2014-10-20 10:42,4.301,0.036,0,0,0,0,p
2014-10-20 10:48,4.570,0.036,0,0,0,0,p
2014-10-20 10:54,4.836,0.036,0,0,0,0,p
2014-10-20 11:00,5.095,0.033,0,0,0,0,p
2014-10-20 11:06,5.351,0.033,0,0,0,0,p
2014-10-20 11:12,5.597,0.056,1,0,0,0,p
2014-10-20 11:18,5.817,0.033,0,0,0,0,p
2014-10-20 11:24,6.030,0.030,1,0,0,0,p
2014-10-20 11:30,6.220,0.036,1,0,0,0,p
2014-10-20 11:36,6.404,0.026,0,0,0,0,p
2014-10-20 11:42,6.568,0.023,1,0,0,0,p
2014-10-20 11:48,6.719,0.023,1,0,0,0,p
2014-10-20 11:54,6.857,0.020,1,0,0,0,p
2014-10-20 12:00,6.988,0.085,0,0,0,0,p
2014-10-20 12:06,7.106,0.023,1,0,0,0,p
2014-10-20 12:12,7.211,0.020,0,0,0,0,p
2014-10-20 12:18,7.306,0.036,0,0,0,0,p
2014-10-20 12:24,7.388,0.020,1,0,0,0,p
2014-10-20 12:30,7.457,0.016,1,0,0,0,p
2014-10-20 12:36,7.520,0.013,1,0,0,0,p
2014-10-20 12:42,7.569,0.046,0,0,0,0,p
2014-10-20 12:48,7.608,0.039,1,0,0,0,p
2014-10-20 12:54,7.644,0.016,1,0,0,0,p
2014-10-20 13:00,7.677,0.016,0,0,0,0,p
2014-10-20 13:06,7.707,0.033,0,0,0,0,p
2014-10-20 13:12,7.733,0.030,1,0,0,0,p
2014-10-20 13:18,7.756,0.026,1,0,0,0,p
2014-10-20 13:24,7.785,0.030,1,0,0,0,p
2014-10-20 13:30,7.822,0.030,1,0,0,0,p
2014-10-20 13:36,7.848,0.020,1,0,0,0,p
2014-10-20 13:42,7.874,0.016,1,0,0,0,p
2014-10-20 13:48,7.907,0.023,0,0,0,0,p
2014-10-20 13:54,7.936,0.013,1,0,0,0,p
2014-10-20 14:00,7.963,0.007,1,0,0,0,p
2014-10-20 14:06,7.982,0.010,1,0,0,0,p
2014-10-20 14:12,7.989,0.016,1,0,0,0,p
2014-10-20 14:18,7.989,0.010,1,0,0,0,p
2014-10-20 14:24,7.982,0.052,1,0,0,0,p
2014-10-20 14:30,7.963,0.016,1,0,0,0,p
2014-10-20 14:36,7.930,0.020,1,0,0,0,p
2014-10-20 14:42,7.884,0.023,0,0,0,0,p
2014-10-20 14:48,7.838,0.013,0,0,0,0,p
2014-10-20 14:54,7.779,0.010,1,0,0,0,p
2014-10-20 15:00,7.703,0.020,1,0,0,0,p
2014-10-20 15:06,7.608,0.016,1,0,0,0,p
2014-10-20 15:12,7.516,0.013,1,0,0,0,p
2014-10-20 15:18,7.408,0.033,1,0,0,0,p
2014-10-20 15:24,7.280,0.020,1,0,0,0,p
2014-10-20 15:30,7.133,0.020,0,0,0,0,p
2014-10-20 15:36,6.975,0.049,0,0,0,0,p
2014-10-20 15:42,6.801,0.026,1,0,0,0,p
2014-10-20 15:48,6.614,0.026,0,0,0,0,p
2014-10-20 15:54,6.417,0.030,0,0,0,0,p
2014-10-20 16:00,6.194,0.030,1,0,0,0,p
2014-10-20 16:06,5.974,0.030,0,0,0,0,p
2014-10-20 16:12,5.748,0.026,0,0,0,0,p
2014-10-20 16:18,5.518,0.030,0,0,0,0,p
2014-10-20 16:24,5.269,0.033,1,0,0,0,p
2014-10-20 16:30,5.020,0.033,0,0,0,0,p
2014-10-20 16:36,4.770,0.033,1,0,0,0,p
2014-10-20 16:42,4.518,0.036,0,0,0,0,p
2014-10-20 16:48,4.265,0.039,1,0,0,0,p
2014-10-20 16:54,4.026,0.033,1,0,0,0,p
2014-10-20 17:00,3.786,0.033,1,0,0,0,p
2014-10-20 17:06,3.556,0.033,0,0,0,0,p
2014-10-20 17:12,3.343,0.039,0,0,0,0,p
2014-10-20 17:18,3.127,0.033,0,0,0,0,p
2014-10-20 17:24,2.927,0.049,0,0,0,0,p
2014-10-20 17:30,2.740,0.026,1,0,0,0,p
2014-10-20 17:36,2.562,0.023,1,0,0,0,p
2014-10-20 17:42,2.395,0.026,1,0,0,0,p
2014-10-20 17:48,2.238,0.023,1,0,0,0,p
2014-10-20 17:54,2.083,0.023,1,0,0,0,p
2014-10-20 18:00,1.942,0.036,0,0,0,0,p
2014-10-20 18:06,1.808,0.023,1,0,0,0,p
2014-10-20 18:12,1.696,0.016,0,0,0,0,p
2014-10-20 18:18,1.601,0.020,1,0,0,0,p
2014-10-20 18:24,1.519,0.026,0,0,0,0,p
2014-10-20 18:30,1.444,0.033,1,0,0,0,p
2014-10-20 18:36,1.398,0.039,0,0,0,0,p
2014-10-20 18:42,1.348,0.030,1,0,0,0,p
2014-10-20 18:48,1.312,0.023,1,0,0,0,p
2014-10-20 18:54,1.293,0.023,0,0,0,0,p
2014-10-20 19:00,1.280,0.023,1,0,0,0,p
2014-10-20 19:06,1.260,0.016,0,0,0,0,p
2014-10-20 19:12,1.240,0.013,1,0,0,0,p
2014-10-20 19:18,1.214,0.016,0,0,0,0,p
2014-10-20 19:24,1.184,0.016,1,0,0,0,p
2014-10-20 19:30,1.161,0.013,1,0,0,0,p
2014-10-20 19:36,1.129,0.043,0,0,0,0,p
2014-10-20 19:42,1.089,0.052,1,0,0,0,p
2014-10-20 19:48,1.047,0.016,1,0,0,0,p
2014-10-20 19:54,1.017,0.026,0,0,0,0,p
2014-10-20 20:00,0.981,0.026,1,0,0,0,p
2014-10-20 20:06,0.942,0.016,1,0,0,0,p
2014-10-20 20:12,0.909,0.036,0,0,0,0,p
2014-10-20 20:18,0.869,0.010,1,0,0,0,p
2014-10-20 20:24,0.850,0.010,1,0,0,0,p
2014-10-20 20:30,0.833,0.010,1,0,0,0,p
2014-10-20 20:36,0.817,0.010,1,0,0,0,p
2014-10-20 20:42,0.814,0.010,1,0,0,0,p
2014-10-20 20:48,0.814,0.016,0,0,0,0,p
2014-10-20 20:54,0.820,0.020,0,0,0,0,p
2014-10-20 21:00,0.837,0.036,0,0,0,0,p
2014-10-20 21:06,0.866,0.049,0,0,0,0,p
2014-10-20 21:12,0.899,0.026,0,0,0,0,p
2014-10-20 21:18,0.945,0.013,0,0,0,0,p
2014-10-20 21:24,1.004,0.016,0,0,0,0,p
2014-10-20 21:30,1.076,0.020,0,0,0,0,p
2014-10-20 21:36,1.158,0.013,1,0,0,0,p
2014-10-20 21:42,1.250,0.016,0,0,0,0,p
2014-10-20 21:48,1.358,0.013,0,0,0,0,p
2014-10-20 21:54,1.483,0.020,0,0,0,0,p
2014-10-20 22:00,1.608,0.020,0,0,0,0,p
2014-10-20 22:06,1.749,0.023,0,0,0,0,p
2014-10-20 22:12,1.906,0.020,0,0,0,0,p
2014-10-20 22:18,2.073,0.023,0,0,0,0,p
2014-10-20 22:24,2.247,0.023,0,0,0,0,p
2014-10-20 22:30,2.431,0.026,0,0,0,0,p
2014-10-20 22:36,2.635,0.026,0,0,0,0,p
2014-10-20 22:42,2.844,0.026,0,0,0,0,p
2014-10-20 22:48,3.058,0.026,0,0,0,0,p
2014-10-20 22:54,3.278,0.030,0,0,0,0,p
2014-10-20 23:00,3.504,0.030,0,0,0,0,p
2014-10-20 23:06,3.730,0.030,0,0,0,0,p
2014-10-20 23:12,3.963,0.033,1,0,0,0,p
2014-10-20 23:18,4.183,0.030,0,0,0,0,p
2014-10-20 23:24,4.406,0.030,0,0,0,0,p
2014-10-20 23:30,4.626,0.030,0,0,0,0,p
2014-10-20 23:36,4.833,0.026,0,0,0,0,p
2014-10-20 23:42,5.033,0.026,0,0,0,0,p
2014-10-20 23:48,5.223,0.026,0,0,0,0,p
2014-10-20 23:54,5.404,0.023,0,0,0,0,p
2014-10-21 00:00,5.564,0.020,0,0,0,0,p
2014-10-21 00:06,5.722,0.020,0,0,0,0,p
2014-10-21 00:12,5.863,0.020,0,0,0,0,p
2014-10-21 00:18,5.994,0.016,0,0,0,0,p
2014-10-21 00:24,6.122,0.016,0,0,0,0,p
2014-10-21 00:30,6.234,0.020,0,0,0,0,p
2014-10-21 00:36,6.339,0.013,0,0,0,0,p
2014-10-21 00:42,6.427,0.010,0,0,0,0,p
2014-10-21 00:48,6.509,0.010,0,0,0,0,p
2014-10-21 00:54,6.581,0.013,1,0,0,0,p
2014-10-21 01:00,6.640,0.007,1,0,0,0,p
2014-10-21 01:06,6.693,0.010,0,0,0,0,p
2014-10-21 01:12,6.729,0.007,1,0,0,0,p
2014-10-21 01:18,6.765,0.010,0,0,0,0,p
2014-10-21 01:24,6.788,0.007,1,0,0,0,p
2014-10-21 01:30,6.808,0.007,1,0,0,0,p
2014-10-21 01:36,6.827,0.007,1,0,0,0,p
2014-10-21 01:42,6.844,0.003,1,0,0,0,p
2014-10-21 01:48,6.854,0.007,0,0,0,0,p
2014-10-21 01:54,6.873,0.003,1,0,0,0,p
2014-10-21 02:00,6.896,0.003,0,0,0,0,p
2014-10-21 02:06,6.919,0.007,0,0,0,0,p
2014-10-21 02:12,6.942,0.010,1,0,0,0,p
2014-10-21 02:18,6.969,0.007,0,0,0,0,p
2014-10-21 02:24,7.001,0.007,1,0,0,0,p
2014-10-21 02:30,7.028,0.007,0,0,0,0,p
2014-10-21 02:36,7.054,0.003,1,0,0,0,p
2014-10-21 02:42,7.080,0.003,1,0,0,0,p
2014-10-21 02:48,7.096,0.003,1,0,0,0,p
2014-10-21 02:54,7.110,0.007,1,0,0,0,p
2014-10-21 03:00,7.113,0.010,1,0,0,0,p
2014-10-21 03:06,7.103,0.010,1,0,0,0,p
2014-10-21 03:12,7.087,0.013,0,0,0,0,p
2014-10-21 03:18,7.047,0.007,1,0,0,0,p
2014-10-21 03:24,6.991,0.010,0,0,0,0,p
2014-10-21 03:30,6.926,0.010,0,0,0,0,p
2014-10-21 03:36,6.847,0.013,1,0,0,0,p
2014-10-21 03:42,6.752,0.016,0,0,0,0,p
2014-10-21 03:48,6.644,0.013,1,0,0,0,p
2014-10-21 03:54,6.522,0.016,0,0,0,0,p
2014-10-21 04:00,6.388,0.020,0,0,0,0,p
2014-10-21 04:06,6.240,0.020,0,0,0,0,p
2014-10-21 04:12,6.083,0.020,0,0,0,0,p
2014-10-21 04:18,5.915,0.023,0,0,0,0,p
2014-10-21 04:24,5.738,0.023,0,0,0,0,p
2014-10-21 04:30,5.551,0.023,0,0,0,0,p
2014-10-21 04:36,5.358,0.026,0,0,0,0,p
2014-10-21 04:42,5.167,0.026,0,0,0,0,p
2014-10-21 04:48,4.967,0.026,0,0,0,0,p
2014-10-21 04:54,4.764,0.026,1,0,0,0,p
2014-10-21 05:00,4.554,0.030,0,0,0,0,p
2014-10-21 05:06,4.350,0.026,1,0,0,0,p
2014-10-21 05:12,4.147,0.036,1,0,0,0,p
2014-10-21 05:18,3.924,0.033,1,0,0,0,p
2014-10-21 05:24,3.711,0.033,0,0,0,0,p
2014-10-21 05:30,3.491,0.030,0,0,0,0,p
2014-10-21 05:36,3.274,0.030,0,0,0,0,p
2014-10-21 05:42,3.064,0.026,0,0,0,0,p
2014-10-21 05:48,2.848,0.026,0,0,0,0,p
2014-10-21 05:54,2.641,0.030,0,0,0,0,p
2014-10-21 06:00,2.431,0.026,0,0,0,0,p
2014-10-21 06:06,2.234,0.026,0,0,0,0,p
2014-10-21 06:12,2.044,0.026,0,0,0,0,p
2014-10-21 06:18,1.870,0.023,0,0,0,0,p
2014-10-21 06:24,1.696,0.023,1,0,0,0,p
2014-10-21 06:30,1.532,0.023,0,0,0,0,p
2014-10-21 06:36,1.385,0.020,0,0,0,0,p
2014-10-21 06:42,1.247,0.020,0,0,0,0,p
2014-10-21 06:48,1.112,0.016,0,0,0,0,p
2014-10-21 06:54,0.997,0.016,0,0,0,0,p
2014-10-21 07:00,0.896,0.020,1,0,0,0,p
2014-10-21 07:06,0.801,0.016,1,0,0,0,p
2014-10-21 07:12,0.732,0.013,1,0,0,0,p
2014-10-21 07:18,0.669,0.013,0,0,0,0,p
2014-10-21 07:24,0.623,0.020,1,0,0,0,p
2014-10-21 07:30,0.591,0.049,0,0,0,0,p
2014-10-21 07:36,0.571,0.033,0,0,0,0,p
2014-10-21 07:42,0.568,0.039,0,0,0,0,p
2014-10-21 07:48,0.568,0.033,0,0,0,0,p
2014-10-21 07:54,0.574,0.013,1,0,0,0,p
2014-10-21 08:00,0.597,0.010,1,0,0,0,p
2014-10-21 08:06,0.620,0.007,1,0,0,0,p
2014-10-21 08:12,0.640,0.003,1,0,0,0,p
2014-10-21 08:18,0.659,0.003,1,0,0,0,p
2014-10-21 08:24,0.669,0.007,0,0,0,0,p
2014-10-21 08:30,0.686,0.003,1,0,0,0,p
2014-10-21 08:36,0.696,0.003,1,0,0,0,p
2014-10-21 08:42,0.712,0.003,0,0,0,0,p
2014-10-21 08:48,0.715,0.003,1,0,0,0,p
2014-10-21 08:54,0.719,0.003,0,0,0,0,p
2014-10-21 09:00,0.728,0.003,1,0,0,0,p
2014-10-21 09:06,0.735,0.003,0,0,0,0,p
2014-10-21 09:12,0.745,0.003,1,0,0,0,p
2014-10-21 09:18,0.768,0.003,1,0,0,0,p
2014-10-21 09:24,0.794,0.003,0,0,0,0,p
2014-10-21 09:30,0.827,0.003,0,0,0,0,p
2014-10-21 09:36,0.869,0.007,1,0,0,0,p
2014-10-21 09:42,0.935,0.016,1,0,0,0,p
2014-10-21 09:48,1.020,0.010,0,0,0,0,p
2014-10-21 09:54,1.109,0.016,0,0,0,0,p
2014-10-21 10:00,1.217,0.013,0,0,0,0,p
2014-10-21 10:06,1.348,0.016,1,0,0,0,p
2014-10-21 10:12,1.509,0.046,0,0,0,0,p
2014-10-21 10:18,1.693,0.026,0,0,0,0,p
2014-10-21 10:24,1.890,0.033,0,0,0,0,p
2014-10-21 10:30,2.110,0.030,0,0,0,0,p
2014-10-21 10:36,2.339,0.030,0,0,0,0,p
2014-10-21 10:42,2.589,0.036,0,0,0,0,p
2014-10-21 10:48,2.848,0.033,0,0,0,0,p
2014-10-21 10:54,3.120,0.036,0,0,0,0,p
2014-10-21 11:00,3.386,0.036,1,0,0,0,p
2014-10-21 11:06,3.671,0.039,0,0,0,0,p
2014-10-21 11:12,3.947,0.036,0,0,0,0,p
2014-10-21 11:18,4.229,0.036,0,0,0,0,p
2014-10-21 11:24,4.508,0.036,0,0,0,0,p
2014-10-21 11:30,4.780,0.039,1,0,0,0,p
2014-10-21 11:36,5.052,0.036,0,0,0,0,p
2014-10-21 11:42,5.299,0.033,0,0,0,0,p
2014-10-21 11:48,5.538,0.030,0,0,0,0,p
2014-10-21 11:54,5.774,0.026,0,0,0,0,p
2014-10-21 12:00,5.991,0.072,1,0,0,0,p
2014-10-21 12:06,6.175,0.036,1,0,0,0,p
2014-10-21 12:12,6.358,0.033,1,0,0,0,p
2014-10-21 12:18,6.526,0.030,1,0,0,0,p
2014-10-21 12:24,6.673,0.023,1,0,0,0,p
2014-10-21 12:30,6.814,0.023,1,0,0,0,p
2014-10-21 12:36,6.939,0.023,1,0,0,0,p
2014-10-21 12:42,7.054,0.016,0,0,0,0,p
2014-10-21 12:48,7.156,0.016,0,0,0,0,p
2014-10-21 12:54,7.251,0.016,1,0,0,0,p
2014-10-21 13:00,7.333,0.013,0,0,0,0,p
2014-10-21 13:06,7.405,0.010,1,0,0,0,p
2014-10-21 13:12,7.474,0.013,1,0,0,0,p
2014-10-21 13:18,7.539,0.010,0,0,0,0,p
2014-10-21 13:24,7.605,0.010,1,0,0,0,p
2014-10-21 13:30,7.664,0.023,1,0,0,0,p
2014-10-21 13:36,7.723,0.010,0,0,0,0,p
2014-10-21 13:42,7.779,0.010,1,0,0,0,p
2014-10-21 13:48,7.838,0.010,1,0,0,0,p
2014-10-21 13:54,7.894,0.010,1,0,0,0,p
2014-10-21 14:00,7.949,0.010,1,0,0,0,p
2014-10-21 14:06,8.002,0.010,1,0,0,0,p
2014-10-21 14:12,8.048,0.023,0,0,0,0,p
2014-10-21 14:18,8.094,0.010,1,0,0,0,p
2014-10-21 14:24,8.136,0.010,1,0,0,0,p
2014-10-21 14:30,8.173,0.010,0,0,0,0,p
2014-10-21 14:36,8.199,0.013,1,0,0,0,p
2014-10-21 14:42,8.215,0.007,1,0,0,0,p
2014-10-21 14:48,8.235,0.016,1,0,0,0,p
2014-10-21 14:54,8.238,0.013,1,0,0,0,p
2014-10-21 15:00,8.238,0.010,0,0,0,0,p
2014-10-21 15:06,8.232,0.016,0,0,0,0,p
2014-10-21 15:12,8.215,0.013,1,0,0,0,p
2014-10-21 15:18,8.189,0.013,1,0,0,0,p
2014-10-21 15:24,8.159,0.013,1,0,0,0,p
2014-10-21 15:30,8.114,0.069,0,0,0,0,p
2014-10-21 15:36,8.058,0.013,0,0,0,0,p
2014-10-21 15:42,7.995,0.016,0,0,0,0,p
2014-10-21 15:48,7.920,0.013,1,0,0,0,p
2014-10-21 15:54,7.825,0.023,1,0,0,0,p
2014-10-21 16:00,7.717,0.016,0,0,0,0,p
2014-10-21 16:06,7.612,0.016,1,0,0,0,p
2014-10-21 16:12,7.484,0.026,1,0,0,0,p
2014-10-21 16:18,7.343,0.023,1,0,0,0,p
2014-10-21 16:24,7.198,0.030,1,0,0,0,p
2014-10-21 16:30,7.044,0.030,0,0,0,0,p
2014-10-21 16:36,6.877,0.030,0,0,0,0,p
2014-10-21 16:42,6.696,0.033,1,0,0,0,p
2014-10-21 16:48,6.506,0.030,0,0,0,0,p
2014-10-21 16:54,6.306,0.033,0,0,0,0,p
2014-10-21 17:00,6.099,0.030,1,0,0,0,p
2014-10-21 17:06,5.879,0.033,0,0,0,0,p
2014-10-21 17:12,5.659,0.030,0,0,0,0,p
2014-10-21 17:18,5.440,0.030,0,0,0,0,p
2014-10-21 17:24,5.210,0.036,1,0,0,0,p
2014-10-21 17:30,4.980,0.033,0,0,0,0,p
2014-10-21 17:36,4.760,0.030,0,0,0,0,p
2014-10-21 17:42,4.541,0.039,0,0,0,0,p
2014-10-21 17:48,4.318,0.036,1,0,0,0,p
2014-10-21 17:54,4.094,0.033,0,0,0,0,p
2014-10-21 18:00,3.885,0.030,0,0,0,0,p
2014-10-21 18:06,3.671,0.030,0,0,0,0,p
2014-10-21 18:12,3.468,0.026,0,0,0,0,p
2014-10-21 18:18,3.274,0.026,1,0,0,0,p
2014-10-21 18:24,3.091,0.052,1,0,0,0,p
2014-10-21 18:30,2.913,0.039,1,0,0,0,p
2014-10-21 18:36,2.749,0.033,1,0,0,0,p
2014-10-21 18:42,2.575,0.026,1,0,0,0,p
2014-10-21 18:48,2.428,0.026,1,0,0,0,p
2014-10-21 18:54,2.277,0.023,0,0,0,0,p
2014-10-21 19:00,2.136,0.023,1,0,0,0,p
2014-10-21 19:06,2.008,0.020,0,0,0,0,p
2014-10-21 19:12,1.890,0.020,1,0,0,0,p
2014-10-21 19:18,1.788,0.023,0,0,0,0,p
2014-10-21 19:24,1.696,0.026,0,0,0,0,p
2014-10-21 19:30,1.611,0.016,0,0,0,0,p
2014-10-21 19:36,1.532,0.023,0,0,0,0,p
2014-10-21 19:42,1.463,0.020,0,0,0,0,p
2014-10-21 19:48,1.411,0.016,1,0,0,0,p
2014-10-21 19:54,1.362,0.013,0,0,0,0,p
2014-10-21 20:00,1.325,0.010,1,0,0,0,p
2014-10-21 20:06,1.312,0.013,0,0,0,0,p
2014-10-21 20:12,1.293,0.016,1,0,0,0,p
2014-10-21 20:18,1.276,0.056,1,0,0,0,p
2014-10-21 20:24,1.260,0.013,1,0,0,0,p
2014-10-21 20:30,1.240,0.013,1,0,0,0,p
2014-10-21 20:36,1.204,0.013,1,0,0,0,p
2014-10-21 20:42,1.175,0.013,1,0,0,0,p
2014-10-21 20:48,1.138,0.013,1,0,0,0,p
2014-10-21 20:54,1.102,0.013,1,0,0,0,p
2014-10-21 21:00,1.060,0.023,1,0,0,0,p
2014-10-21 21:06,1.014,0.013,1,0,0,0,p
2014-10-21 21:12,0.968,0.013,0,0,0,0,p
2014-10-21 21:18,0.932,0.013,1,0,0,0,p
2014-10-21 21:24,0.899,0.013,0,0,0,0,p
2014-10-21 21:30,0.879,0.013,0,0,0,0,p
2014-10-21 21:36,0.869,0.016,1,0,0,0,p
2014-10-21 21:42,0.876,0.020,0,0,0,0,p
2014-10-21 21:48,0.892,0.013,1,0,0,0,p
2014-10-21 21:54,0.925,0.026,1,0,0,0,p
2014-10-21 22:00,0.974,0.030,1,0,0,0,p
2014-10-21 22:06,1.040,0.016,0,0,0,0,p
2014-10-21 22:12,1.125,0.016,0,0,0,0,p
2014-10-21 22:18,1.220,0.016,1,0,0,0,p
2014-10-21 22:24,1.332,0.016,0,0,0,0,p
2014-10-21 22:30,1.457,0.020,1,0,0,0,p
2014-10-21 22:36,1.601,0.020,0,0,0,0,p
2014-10-21 22:42,1.755,0.026,1,0,0,0,p
2014-10-21 22:48,1.929,0.030,0,0,0,0,p
2014-10-21 22:54,2.126,0.026,0,0,0,0,p
2014-10-21 23:00,2.336,0.030,0,0,0,0,p
2014-10-21 23:06,2.566,0.030,0,0,0,0,p
2014-10-21 23:12,2.815,0.033,1,0,0,0,p
2014-10-21 23:18,3.071,0.033,0,0,0,0,p
2014-10-21 23:24,3.343,0.033,0,0,0,0,p
2014-10-21 23:30,3.619,0.036,0,0,0,0,p
2014-10-21 23:36,3.894,0.033,0,0,0,0,p
2014-10-21 23:42,4.173,0.033,0,0,0,0,p
2014-10-21 23:48,4.442,0.036,0,0,0,0,p
2014-10-21 23:54,4.721,0.036,0,0,0,0,p
2014-10-22 00:00,4.993,0.033,0,0,0,0,p
2014-10-22 00:06,5.253,0.030,0,0,0,0,p
2014-10-22 00:12,5.515,0.030,0,0,0,0,p
2014-10-22 00:18,5.761,0.033,0,0,0,0,p
2014-10-22 00:24,6.001,0.033,0,0,0,0,p
2014-10-22 00:30,6.234,0.030,0,0,0,0,p
2014-10-22 00:36,6.447,0.030,0,0,0,0,p
2014-10-22 00:42,6.650,0.026,0,0,0,0,p
2014-10-22 00:48,6.844,0.026,0,0,0,0,p
2014-10-22 00:54,7.018,0.023,0,0,0,0,p
2014-10-22 01:00,7.178,0.023,0,0,0,0,p
2014-10-22 01:06,7.316,0.020,0,0,0,0,p
2014-10-22 01:12,7.451,0.016,0,0,0,0,p
2014-10-22 01:18,7.569,0.016,0,0,0,0,p
2014-10-22 01:24,7.664,0.013,1,0,0,0,p
2014-10-22 01:30,7.746,0.016,0,0,0,0,p
2014-10-22 01:36,7.822,0.010,0,0,0,0,p
2014-10-22 01:42,7.877,0.010,1,0,0,0,p
2014-10-22 01:48,7.927,0.007,1,0,0,0,p
2014-10-22 01:54,7.966,0.007,1,0,0,0,p
2014-10-22 02:00,7.999,0.007,1,0,0,0,p
2014-10-22 02:06,8.018,0.010,0,0,0,0,p
2014-10-22 02:12,8.038,0.007,1,0,0,0,p
2014-10-22 02:18,8.058,0.007,1,0,0,0,p
2014-10-22 02:24,8.071,0.007,0,0,0,0,p
2014-10-22 02:30,8.087,0.007,0,0,0,0,p
2014-10-22 02:36,8.097,0.007,1,0,0,0,p
2014-10-22 02:42,8.107,0.007,1,0,0,0,p
2014-10-22 02:48,8.123,0.007,0,0,0,0,p
2014-10-22 02:54,8.133,0.007,0,0,0,0,p
2014-10-22 03:00,8.127,0.007,1,0,0,0,p
2014-10-22 03:06,8.127,0.007,0,0,0,0,p
2014-10-22 03:12,8.110,0.007,0,0,0,0,p
2014-10-22 03:18,8.091,0.007,1,0,0,0,p
2014-10-22 03:24,8.054,0.007,0,0,0,0,p
2014-10-22 03:30,8.015,0.016,1,0,0,0,p
2014-10-22 03:36,7.966,0.010,1,0,0,0,p
2014-10-22 03:42,7.904,0.010,1,0,0,0,p
2014-10-22 03:48,7.838,0.013,1,0,0,0,p
2014-10-22 03:54,7.769,0.013,0,0,0,0,p
2014-10-22 04:00,7.687,0.010,1,0,0,0,p
2014-10-22 04:06,7.605,0.013,0,0,0,0,p
2014-10-22 04:12,7.516,0.013,1,0,0,0,p
2014-10-22 04:18,7.425,0.016,1,0,0,0,p
2014-10-22 04:24,7.320,0.016,1,0,0,0,p
2014-10-22 04:30,7.205,0.016,0,0,0,0,p
2014-10-22 04:36,7.087,0.016,0,0,0,0,p
2014-10-22 04:42,6.962,0.016,0,0,0,0,p
2014-10-22 04:48,6.821,0.020,0,0,0,0,p
2014-10-22 04:54,6.670,0.023,0,0,0,0,p
2014-10-22 05:00,6.512,0.023,0,0,0,0,p
2014-10-22 05:06,6.348,0.023,0,0,0,0,p
2014-10-22 05:12,6.175,0.023,0,0,0,0,p
2014-10-22 05:18,5.981,0.023,0,0,0,0,p
2014-10-22 05:24,5.784,0.026,0,0,0,0,p
2014-10-22 05:30,5.584,0.030,0,0,0,0,p
2014-10-22 05:36,5.381,0.026,1,0,0,0,p
2014-10-22 05:42,5.180,0.026,1,0,0,0,p
2014-10-22 05:48,4.974,0.026,1,0,0,0,p
2014-10-22 05:54,4.770,0.030,0,0,0,0,p
2014-10-22 06:00,4.570,0.030,1,0,0,0,p
2014-10-22 06:06,4.370,0.033,0,0,0,0,p
2014-10-22 06:12,4.170,0.030,1,0,0,0,p
2014-10-22 06:18,3.973,0.033,1,0,0,0,p
2014-10-22 06:24,3.783,0.036,0,0,0,0,p
2014-10-22 06:30,3.593,0.033,1,0,0,0,p
2014-10-22 06:36,3.422,0.033,1,0,0,0,p
2014-10-22 06:42,3.255,0.033,1,0,0,0,p
2014-10-22 06:48,3.094,0.033,0,0,0,0,p
2014-10-22 06:54,2.940,0.030,1,0,0,0,p
2014-10-22 07:00,2.792,0.030,1,0,0,0,p
2014-10-22 07:06,2.648,0.033,1,0,0,0,p
2014-10-22 07:12,2.503,0.036,0,0,0,0,p
2014-10-22 07:18,2.369,0.033,1,0,0,0,p
2014-10-22 07:24,2.238,0.033,0,0,0,0,p
2014-10-22 07:30,2.116,0.030,0,0,0,0,p
2014-10-22 07:36,2.011,0.033,1,0,0,0,p
2014-10-22 07:42,1.926,0.030,1,0,0,0,p
2014-10-22 07:48,1.860,0.030,1,0,0,0,p
2014-10-22 07:54,1.795,0.033,1,0,0,0,p
2014-10-22 08:00,1.745,0.030,1,0,0,0,p
2014-10-22 08:06,1.703,0.033,1,0,0,0,p
2014-10-22 08:12,1.680,0.036,0,0,0,0,p
2014-10-22 08:18,1.663,0.036,1,0,0,0,p
2014-10-22 08:24,1.650,0.036,0,0,0,0,p
2014-10-22 08:30,1.640,0.036,0,0,0,0,p
2014-10-22 08:36,1.631,0.033,0,0,0,0,p
2014-10-22 08:42,1.621,0.033,0,0,0,0,p
2014-10-22 08:48,1.631,0.036,1,0,0,0,p
2014-10-22 08:54,1.640,0.030,1,0,0,0,p
2014-10-22 09:00,1.650,0.039,0,0,0,0,p
2014-10-22 09:06,1.647,0.036,1,0,0,0,p
2014-10-22 09:12,1.640,0.033,0,0,0,0,p
2014-10-22 09:18,1.627,0.039,0,0,0,0,p
2014-10-22 09:24,1.631,0.033,1,0,0,0,p
2014-10-22 09:30,1.614,0.043,0,0,0,0,p
2014-10-22 09:36,1.601,0.036,1,0,0,0,p
2014-10-22 09:42,1.585,0.039,0,0,0,0,p
2014-10-22 09:48,1.588,0.033,1,0,0,0,p
2014-10-22 09:54,1.614,0.036,0,0,0,0,p
2014-10-22 10:00,1.640,0.036,1,0,0,0,p
2014-10-22 10:06,1.680,0.036,0,0,0,0,p
2014-10-22 10:12,1.726,0.036,0,0,0,0,p
2014-10-22 10:18,1.798,0.033,1,0,0,0,p
2014-10-22 10:24,1.886,0.039,1,0,0,0,p
2014-10-22 10:30,1.988,0.036,0,0,0,0,p
2014-10-22 10:36,2.113,0.036,1,0,0,0,p
2014-10-22 10:42,2.244,0.036,0,0,0,0,p
2014-10-22 10:48,2.395,0.033,1,0,0,0,p
2014-10-22 10:54,2.556,0.033,1,0,0,0,p
2014-10-22 11:00,2.740,0.033,1,0,0,0,p
2014-10-22 11:06,2.848,0.144,0,0,0,0,p
2014-10-22 11:12,3.159,0.039,1,0,0,0,p
2014-10-22 11:18,3.402,0.043,1,0,0,0,p
2014-10-22 11:24,3.648,0.046,1,0,0,0,p
2014-10-22 11:30,3.911,0.049,0,0,0,0,p
2014-10-22 11:36,4.177,0.049,0,0,0,0,p
2014-10-22 11:42,4.449,0.046,1,0,0,0,p
2014-10-22 11:48,4.718,0.046,1,0,0,0,p
2014-10-22 11:54,4.984,0.046,1,0,0,0,p
2014-10-22 12:00,5.246,0.043,1,0,0,0,p
2014-10-22 12:06,5.509,0.043,1,0,0,0,p
2014-10-22 12:12,5.764,0.043,0,0,0,0,p
2014-10-22 12:18,6.020,0.052,1,0,0,0,p
2014-10-22 12:24,6.270,0.052,1,0,0,0,p
2014-10-22 12:30,6.509,0.056,0,0,0,0,p
2014-10-22 12:36,6.732,0.056,0,0,0,0,p
2014-10-22 12:42,6.949,0.052,1,0,0,0,p
2014-10-22 12:48,7.149,0.049,0,0,0,0,p
2014-10-22 12:54,7.336,0.033,1,0,0,0,p
2014-10-22 13:00,7.500,0.052,1,0,0,0,p
2014-10-22 13:06,7.661,0.049,0,0,0,0,p
2014-10-22 13:12,7.808,0.039,1,0,0,0,p
2014-10-22 13:18,7.940,0.046,0,0,0,0,p
2014-10-22 13:24,8.058,0.046,1,0,0,0,p
2014-10-22 13:30,8.169,0.036,1,0,0,0,p
2014-10-22 13:36,8.278,0.039,1,0,0,0,p
2014-10-22 13:42,8.373,0.026,1,0,0,0,p
2014-10-22 13:48,8.465,0.036,0,0,0,0,p
2014-10-22 13:54,8.556,0.033,1,0,0,0,p
2014-10-22 14:00,8.629,0.033,1,0,0,0,p
2014-10-22 14:06,8.698,0.030,1,0,0,0,p
2014-10-22 14:12,8.760,0.030,1,0,0,0,p
2014-10-22 14:18,8.809,0.030,1,0,0,0,p
2014-10-22 14:24,8.842,0.030,1,0,0,0,p
2014-10-22 14:30,8.858,0.026,1,0,0,0,p
2014-10-22 14:36,8.871,0.030,0,0,0,0,p
2014-10-22 14:42,8.871,0.036,1,0,0,0,p
2014-10-22 14:48,8.878,0.026,1,0,0,0,p
2014-10-22 14:54,8.878,0.026,1,0,0,0,p
2014-10-22 15:00,8.881,0.030,1,0,0,0,p
2014-10-22 15:06,8.904,0.030,1,0,0,0,p
2014-10-22 15:12,8.924,0.030,1,0,0,0,p
2014-10-22 15:18,8.940,0.030,1,0,0,0,p
2014-10-22 15:24,8.953,0.036,0,0,0,0,p
2014-10-22 15:30,8.963,0.033,0,0,0,0,p
2014-10-22 15:36,8.967,0.036,1,0,0,0,p
2014-10-22 15:42,8.960,0.033,1,0,0,0,p
2014-10-22 15:48,8.940,0.036,1,0,0,0,p
2014-10-22 15:54,8.921,0.030,1,0,0,0,p
2014-10-22 16:00,8.891,0.030,0,0,0,0,p
2014-10-22 16:06,8.858,0.043,0,0,0,0,p
2014-10-22 16:12,8.816,0.030,1,0,0,0,p
2014-10-22 16:18,8.773,0.033,1,0,0,0,p
2014-10-22 16:24,8.707,0.030,0,0,0,0,p
2014-10-22 16:30,8.638,0.026,1,0,0,0,p
2014-10-22 16:36,8.553,0.039,1,0,0,0,p
2014-10-22 16:42,8.451,0.030,1,0,0,0,p
2014-10-22 16:48,8.327,0.039,1,0,0,0,p
2014-10-22 16:54,8.186,0.033,1,0,0,0,p
2014-10-22 17:00,8.031,0.030,1,0,0,0,p
2014-10-22 17:06,7.864,0.036,1,0,0,0,p
2014-10-22 17:12,7.674,0.036,1,0,0,0,p
2014-10-22 17:18,7.470,0.043,1,0,0,0,p
2014-10-22 17:24,7.277,0.036,1,0,0,0,p
2014-10-22 17:30,7.083,0.039,1,0,0,0,p
2014-10-22 17:36,6.860,0.052,1,0,0,0,p
2014-10-22 17:42,6.644,0.043,1,0,0,0,p
2014-10-22 17:48,6.421,0.049,1,0,0,0,p
2014-10-22 17:54,6.204,0.043,1,0,0,0,p
2014-10-22 18:00,5.968,0.049,1,0,0,0,p
2014-10-22 18:06,5.738,0.052,1,0,0,0,p
2014-10-22 18:12,5.495,0.056,0,0,0,0,p
2014-10-22 18:18,5.240,0.052,1,0,0,0,p
2014-10-22 18:24,5.013,0.056,1,0,0,0,p
2014-10-22 18:30,4.793,0.062,1,0,0,0,p
2014-10-22 18:36,4.564,0.052,1,0,0,0,p
2014-10-22 18:42,4.327,0.056,1,0,0,0,p
2014-10-22 18:48,4.114,0.049,1,0,0,0,p
2014-10-22 18:54,3.914,0.059,1,0,0,0,p
2014-10-22 19:00,3.724,0.056,1,0,0,0,p
2014-10-22 19:06,3.537,0.062,0,0,0,0,p
2014-10-22 19:12,3.350,0.056,0,0,0,0,p
2014-10-22 19:18,3.205,0.052,0,0,0,0,p
2014-10-22 19:24,3.045,0.046,1,0,0,0,p
2014-10-22 19:30,2.917,0.052,0,0,0,0,p
2014-10-22 19:36,2.785,0.059,0,0,0,0,p
2014-10-22 19:42,2.690,0.049,1,0,0,0,p
2014-10-22 19:48,2.585,0.052,0,0,0,0,p
2014-10-22 19:54,2.500,0.052,0,0,0,0,p
2014-10-22 20:00,2.428,0.049,1,0,0,0,p
2014-10-22 20:06,2.356,0.052,0,0,0,0,p
2014-10-22 20:12,2.300,0.043,1,0,0,0,p
2014-10-22 20:18,2.244,0.046,1,0,0,0,p
2014-10-22 20:24,2.218,0.046,1,0,0,0,p
2014-10-22 20:30,2.195,0.056,1,0,0,0,p
2014-10-22 20:36,2.172,0.046,0,0,0,0,p
2014-10-22 20:42,2.162,0.046,0,0,0,0,p
2014-10-22 20:48,2.149,0.039,0,0,0,0,p
2014-10-22 20:54,2.136,0.046,1,0,0,0,p
2014-10-22 21:00,2.113,0.052,0,0,0,0,p
2014-10-22 21:06,2.083,0.046,1,0,0,0,p
2014-10-22 21:12,2.044,0.039,1,0,0,0,p
2014-10-22 21:18,2.011,0.043,1,0,0,0,p
2014-10-22 21:24,1.962,0.036,1,0,0,0,p
2014-10-22 21:30,1.939,0.036,0,0,0,0,p
2014-10-22 21:36,1.919,0.039,0,0,0,0,p
2014-10-22 21:42,1.909,0.039,0,0,0,0,p
2014-10-22 21:48,1.886,0.033,1,0,0,0,p
2014-10-22 21:54,1.877,0.039,0,0,0,0,p
2014-10-22 22:00,1.860,0.036,0,0,0,0,p
2014-10-22 22:06,1.854,0.033,1,0,0,0,p
2014-10-22 22:12,1.850,0.036,0,0,0,0,p
2014-10-22 22:18,1.864,0.036,1,0,0,0,p
2014-10-22 22:24,1.880,0.030,1,0,0,0,p
2014-10-22 22:30,1.923,0.036,0,0,0,0,p
2014-10-22 22:36,1.975,0.036,0,0,0,0,p
2014-10-22 22:42,2.054,0.030,0,0,0,0,p
2014-10-22 22:48,2.149,0.033,0,0,0,0,p
2014-10-22 22:54,2.247,0.030,0,0,0,0,p
2014-10-22 23:00,2.369,0.039,1,0,0,0,p
2014-10-22 23:06,2.497,0.033,0,0,0,0,p
2014-10-22 23:12,2.664,0.036,1,0,0,0,p
2014-10-22 23:18,2.848,0.036,0,0,0,0,p
2014-10-22 23:24,3.048,0.036,1,0,0,0,p
2014-10-22 23:30,3.258,0.039,1,0,0,0,p
2014-10-22 23:36,3.504,0.043,1,0,0,0,p
2014-10-22 23:42,3.757,0.046,1,0,0,0,p
2014-10-22 23:48,4.009,0.043,1,0,0,0,p
2014-10-22 23:54,4.285,0.052,1,0,0,0,p
2014-10-23 00:00,4.557,0.052,0,0,0,0,p
2014-10-23 00:06,4.826,0.039,1,0,0,0,p
2014-10-23 00:12,5.098,0.043,1,0,0,0,p
2014-10-23 00:18,5.377,0.056,0,0,0,0,p
2014-10-23 00:24,5.643,0.049,1,0,0,0,p
2014-10-23 00:30,5.909,0.059,1,0,0,0,p
2014-10-23 00:36,6.175,0.049,1,0,0,0,p
2014-10-23 00:42,6.437,0.052,1,0,0,0,p
2014-10-23 00:48,6.686,0.062,0,0,0,0,p
2014-10-23 00:54,6.932,0.059,1,0,0,0,p
2014-10-23 01:00,7.178,0.052,1,0,0,0,p
2014-10-23 01:06,7.425,0.066,1,0,0,0,p
2014-10-23 01:12,7.671,0.069,1,0,0,0,p
2014-10-23 01:18,7.890,0.052,1,0,0,0,p
2014-10-23 01:24,8.104,0.049,1,0,0,0,p
2014-10-23 01:30,8.297,0.043,1,0,0,0,p
2014-10-23 01:36,8.455,0.046,1,0,0,0,p
2014-10-23 01:42,8.589,0.059,0,0,0,0,p
2014-10-23 01:48,8.701,0.072,1,0,0,0,p
2014-10-23 01:54,8.802,0.075,1,0,0,0,p
2014-10-23 02:00,8.868,0.059,1,0,0,0,p
2014-10-23 02:06,8.927,0.082,0,0,0,0,p
2014-10-23 02:12,8.967,0.052,1,0,0,0,p
2014-10-23 02:18,8.986,0.075,0,0,0,0,p
2014-10-23 02:24,8.980,0.046,1,0,0,0,p
2014-10-23 02:30,8.960,0.052,0,0,0,0,p
2014-10-23 02:36,8.927,0.039,1,0,0,0,p
2014-10-23 02:42,8.894,0.056,1,0,0,0,p
2014-10-23 02:48,8.865,0.043,1,0,0,0,p
2014-10-23 02:54,8.842,0.056,1,0,0,0,p
2014-10-23 03:00,8.825,0.049,1,0,0,0,p
2014-10-23 03:06,8.825,0.052,1,0,0,0,p
2014-10-23 03:12,8.832,0.046,1,0,0,0,p
2014-10-23 03:18,8.855,0.056,1,0,0,0,p
2014-10-23 03:24,8.888,0.049,1,0,0,0,p
2014-10-23 03:30,8.907,0.066,1,0,0,0,p
2014-10-23 03:36,8.960,0.062,0,0,0,0,p
2014-10-23 03:42,9.029,0.062,0,0,0,0,p
2014-10-23 03:48,9.101,0.056,1,0,0,0,p
2014-10-23 03:54,9.206,0.072,1,0,0,0,p
2014-10-23 04:00,9.344,0.056,1,0,0,0,p
2014-10-23 04:06,9.498,0.052,1,0,0,0,p
2014-10-23 04:12,9.682,0.049,1,0,0,0,p
2014-10-23 04:18,9.826,0.046,1,0,0,0,p
2014-10-23 04:24,9.974,0.056,1,0,0,0,p
2014-10-23 04:30,10.085,0.036,1,0,0,0,p
2014-10-23 04:36,10.177,0.066,1,0,0,0,p
2014-10-23 04:42,10.223,0.052,1,0,0,0,p
2014-10-23 04:48,10.240,0.049,1,0,0,0,p
2014-10-23 04:54,10.230,0.052,1,0,0,0,p
2014-10-23 05:00,10.177,0.036,1,0,0,0,p
2014-10-23 05:06,10.118,0.046,1,0,0,0,p
2014-10-23 05:12,10.016,0.046,1,0,0,0,p
2014-10-23 05:18,9.882,0.043,1,0,0,0,p
2014-10-23 05:24,9.728,0.049,1,0,0,0,p
2014-10-23 05:30,9.534,0.052,1,0,0,0,p
2014-10-23 05:36,9.331,0.052,1,0,0,0,p
2014-10-23 05:42,9.108,0.049,1,0,0,0,p
2014-10-23 05:48,8.852,0.052,1,0,0,0,p
2014-10-23 05:54,8.589,0.056,1,0,0,0,p
2014-10-23 06:00,8.317,0.062,0,0,0,0,p
2014-10-23 06:06,8.018,0.056,1,0,0,0,p
2014-10-23 06:12,7.697,0.046,1,0,0,0,p
2014-10-23 06:18,7.365,0.052,1,0,0,0,p
2014-10-23 06:24,7.021,0.056,1,0,0,0,p
2014-10-23 06:30,6.670,0.056,1,0,0,0,p
2014-10-23 06:36,6.316,0.056,1,0,0,0,p
2014-10-23 06:42,5.955,0.059,1,0,0,0,p
2014-10-23 06:48,5.610,0.066,1,0,0,0,p
2014-10-23 06:54,5.256,0.062,1,0,0,0,p
2014-10-23 07:00,4.925,0.052,1,0,0,0,p
2014-10-23 07:06,4.629,0.056,1,0,0,0,p
2014-10-23 07:12,4.350,0.059,1,0,0,0,p
2014-10-23 07:18,4.075,0.049,1,0,0,0,p
2014-10-23 07:24,3.835,0.049,1,0,0,0,p
2014-10-23 07:30,3.615,0.043,1,0,0,0,p
2014-10-23 07:36,3.415,0.043,1,0,0,0,p
2014-10-23 07:42,3.251,0.043,0,0,0,0,p
2014-10-23 07:48,3.107,0.046,0,0,0,0,p
2014-10-23 07:54,2.986,0.039,1,0,0,0,p
2014-10-23 08:00,2.877,0.039,0,0,0,0,p
2014-10-23 08:06,2.792,0.033,1,0,0,0,p
2014-10-23 08:12,2.723,0.043,0,0,0,0,p
2014-10-23 08:18,2.661,0.036,1,0,0,0,p
2014-10-23 08:24,2.605,0.043,1,0,0,0,p
2014-10-23 08:30,2.556,0.039,1,0,0,0,p
2014-10-23 08:36,2.520,0.039,1,0,0,0,p
2014-10-23 08:42,2.484,0.039,0,0,0,0,p
2014-10-23 08:48,2.451,0.033,1,0,0,0,p
2014-10-23 08:54,2.431,0.039,1,0,0,0,p
2014-10-23 09:00,2.411,0.039,1,0,0,0,p
2014-10-23 09:06,2.398,0.033,0,0,0,0,p
2014-10-23 09:12,2.395,0.036,1,0,0,0,p
2014-10-23 09:18,2.398,0.033,1,0,0,0,p
2014-10-23 09:24,2.395,0.030,1,0,0,0,p
2014-10-23 09:30,2.379,0.033,1,0,0,0,p
2014-10-23 09:36,2.362,0.033,0,0,0,0,p
2014-10-23 09:42,2.346,0.039,1,0,0,0,p
2014-10-23 09:48,2.323,0.046,0,0,0,0,p
2014-10-23 09:54,2.293,0.033,1,0,0,0,p
2014-10-23 10:00,2.267,0.033,0,0,0,0,p
2014-10-23 10:06,2.241,0.030,1,0,0,0,p
2014-10-23 10:12,2.221,0.026,1,0,0,0,p
2014-10-23 10:18,2.208,0.023,1,0,0,0,p
2014-10-23 10:24,2.201,0.026,1,0,0,0,p
2014-10-23 10:30,2.205,0.030,0,0,0,0,p
2014-10-23 10:36,2.218,0.026,1,0,0,0,p
2014-10-23 10:42,2.244,0.030,0,0,0,0,p
2014-10-23 10:48,2.270,0.036,0,0,0,0,p
2014-10-23 10:54,2.293,0.023,1,0,0,0,p
2014-10-23 11:00,2.339,0.020,1,0,0,0,p
2014-10-23 11:06,2.372,0.030,1,0,0,0,p
2014-10-23 11:12,2.402,0.026,1,0,0,0,p
2014-10-23 11:18,2.448,0.026,0,0,0,0,p
2014-10-23 11:24,2.513,0.023,1,0,0,0,p
2014-10-23 11:30,2.598,0.026,1,0,0,0,p
2014-10-23 11:36,2.700,0.026,1,0,0,0,p
2014-10-23 11:42,2.828,0.030,0,0,0,0,p
2014-10-23 11:48,2.992,0.030,1,0,0,0,p
2014-10-23 11:54,3.173,0.030,1,0,0,0,p
2014-10-23 12:00,3.369,0.030,1,0,0,0,p
2014-10-23 12:06,3.583,0.033,0,0,0,0,p
2014-10-23 12:12,3.806,0.036,0,0,0,0,p
2014-10-23 12:18,4.035,0.036,1,0,0,0,p
2014-10-23 12:24,4.272,0.033,1,0,0,0,p
2014-10-23 12:30,4.505,0.036,1,0,0,0,p
2014-10-23 12:36,4.757,0.043,1,0,0,0,p
2014-10-23 12:42,5.030,0.039,1,0,0,0,p
2014-10-23 12:48,5.295,0.039,1,0,0,0,p
2014-10-23 12:54,5.571,0.043,1,0,0,0,p
2014-10-23 13:00,5.843,0.046,0,0,0,0,p
2014-10-23 13:06,6.119,0.043,1,0,0,0,p
2014-10-23 13:12,6.388,0.046,0,0,0,0,p
2014-10-23 13:18,6.647,0.043,1,0,0,0,p
2014-10-23 13:24,6.896,0.049,1,0,0,0,p
2014-10-23 13:30,7.139,0.043,1,0,0,0,p
2014-10-23 13:36,7.372,0.043,1,0,0,0,p
2014-10-23 13:42,7.592,0.046,1,0,0,0,p
2014-10-23 13:48,7.808,0.049,1,0,0,0,p
2014-10-23 13:54,7.995,0.046,1,0,0,0,p
2014-10-23 14:00,8.169,0.046,1,0,0,0,p
2014-10-23 14:06,8.323,0.056,1,0,0,0,p
2014-10-23 14:12,8.471,0.036,1,0,0,0,p
2014-10-23 14:18,8.596,0.036,1,0,0,0,p
2014-10-23 14:24,8.701,0.043,0,0,0,0,p
2014-10-23 14:30,8.809,0.043,1,0,0,0,p
2014-10-23 14:36,8.888,0.030,1,0,0,0,p
2014-10-23 14:42,8.947,0.036,1,0,0,0,p
2014-10-23 14:48,8.990,0.033,1,0,0,0,p
2014-10-23 14:54,9.026,0.026,1,0,0,0,p
2014-10-23 15:00,9.032,0.033,1,0,0,0,p
2014-10-23 15:06,9.042,0.030,1,0,0,0,p
2014-10-23 15:12,9.042,0.030,1,0,0,0,p
2014-10-23 15:18,9.049,0.030,1,0,0,0,p
2014-10-23 15:24,9.068,0.039,0,0,0,0,p
2014-10-23 15:30,9.091,0.039,0,0,0,0,p
2014-10-23 15:36,9.117,0.049,1,0,0,0,p
2014-10-23 15:42,9.144,0.030,1,0,0,0,p
2014-10-23 15:48,9.170,0.046,1,0,0,0,p
2014-10-23 15:54,9.190,0.059,0,0,0,0,p
2014-10-23 16:00,9.193,0.062,1,0,0,0,p
2014-10-23 16:06,9.180,0.059,0,0,0,0,p
2014-10-23 16:12,9.157,0.046,1,0,0,0,p
2014-10-23 16:18,9.117,0.043,1,0,0,0,p
2014-10-23 16:24,9.065,0.039,1,0,0,0,p
2014-10-23 16:30,8.996,0.033,1,0,0,0,p
2014-10-23 16:36,8.927,0.033,1,0,0,0,p
2014-10-23 16:42,8.852,0.043,1,0,0,0,p
2014-10-23 16:48,8.770,0.039,1,0,0,0,p
2014-10-23 16:54,8.678,0.036,1,0,0,0,p
2014-10-23 17:00,8.593,0.036,1,0,0,0,p
2014-10-23 17:06,8.491,0.039,1,0,0,0,p
2014-10-23 17:12,8.373,0.039,1,0,0,0,p
2014-10-23 17:18,8.255,0.039,1,0,0,0,p
2014-10-23 17:24,8.110,0.030,1,0,0,0,p
2014-10-23 17:30,7.979,0.033,1,0,0,0,p
2014-10-23 17:36,7.825,0.033,1,0,0,0,p
2014-10-23 17:42,7.654,0.030,1,0,0,0,p
2014-10-23 17:48,7.477,0.036,1,0,0,0,p
2014-10-23 17:54,7.287,0.036,1,0,0,0,p
2014-10-23 18:00,7.083,0.036,1,0,0,0,p
2014-10-23 18:06,6.870,0.036,1,0,0,0,p
2014-10-23 18:12,6.647,0.039,0,0,0,0,p
2014-10-23 18:18,6.417,0.039,1,0,0,0,p
2014-10-23 18:24,6.188,0.039,0,0,0,0,p
2014-10-23 18:30,5.951,0.046,1,0,0,0,p
2014-10-23 18:36,5.709,0.039,1,0,0,0,p
2014-10-23 18:42,5.456,0.033,1,0,0,0,p
2014-10-23 18:48,5.210,0.043,0,0,0,0,p
2014-10-23 18:54,4.964,0.043,0,0,0,0,p
2014-10-23 19:00,4.721,0.033,1,0,0,0,p
2014-10-23 19:06,4.485,0.033,1,0,0,0,p
2014-10-23 19:12,4.259,0.036,1,0,0,0,p
2014-10-23 19:18,4.032,0.036,0,0,0,0,p
2014-10-23 19:24,3.825,0.036,1,0,0,0,p
2014-10-23 19:30,3.625,0.036,1,0,0,0,p
2014-10-23 19:36,3.438,0.033,1,0,0,0,p
2014-10-23 19:42,3.245,0.036,1,0,0,0,p
2014-10-23 19:48,3.054,0.033,1,0,0,0,p
2014-10-23 19:54,2.887,0.046,1,0,0,0,p
2014-10-23 20:00,2.717,0.052,0,0,0,0,p
2014-10-23 20:06,2.556,0.043,1,0,0,0,p
2014-10-23 20:12,2.405,0.059,0,0,0,0,p
2014-10-23 20:18,2.264,0.062,1,0,0,0,p
2014-10-23 20:24,2.136,0.066,0,0,0,0,p
2014-10-23 20:30,2.014,0.059,1,0,0,0,p
2014-10-23 20:36,1.903,0.056,1,0,0,0,p
2014-10-23 20:42,1.795,0.059,0,0,0,0,p
2014-10-23 20:48,1.716,0.066,0,0,0,0,p
2014-10-23 20:54,1.637,0.069,0,0,0,0,p
2014-10-23 21:00,1.581,0.075,0,0,0,0,p
2014-10-23 21:06,1.549,0.072,0,0,0,0,p
2014-10-23 21:12,1.526,0.069,0,0,0,0,p
2014-10-23 21:18,1.512,0.062,1,0,0,0,p
2014-10-23 21:24,1.512,0.072,0,0,0,0,p
2014-10-23 21:30,1.506,0.072,1,0,0,0,p
2014-10-23 21:36,1.522,0.069,1,0,0,0,p
2014-10-23 21:42,1.526,0.079,1,0,0,0,p
2014-10-23 21:48,1.526,0.072,1,0,0,0,p
2014-10-23 21:54,1.506,0.079,0,0,0,0,p
2014-10-23 22:00,1.473,0.066,1,0,0,0,p
2014-10-23 22:06,1.430,0.072,0,0,0,0,p
2014-10-23 22:12,1.375,0.072,1,0,0,0,p
2014-10-23 22:18,1.316,0.056,0,0,0,0,p
2014-10-23 22:24,1.253,0.059,0,0,0,0,p
2014-10-23 22:30,1.204,0.059,1,0,0,0,p
2014-10-23 22:36,1.155,0.056,1,0,0,0,p
2014-10-23 22:42,1.106,0.052,1,0,0,0,p
2014-10-23 22:48,1.079,0.056,1,0,0,0,p
2014-10-23 22:54,1.070,0.056,0,0,0,0,p
2014-10-23 23:00,1.066,0.052,1,0,0,0,p
2014-10-23 23:06,1.089,0.049,1,0,0,0,p
2014-10-23 23:12,1.119,0.059,0,0,0,0,p
2014-10-23 23:18,1.165,0.062,1,0,0,0,p
2014-10-23 23:24,1.227,0.066,0,0,0,0,p
2014-10-23 23:30,1.325,0.059,1,0,0,0,p
2014-10-23 23:36,1.450,0.069,0,0,0,0,p
2014-10-23 23:42,1.598,0.069,0,0,0,0,p
2014-10-23 23:48,1.762,0.075,1,0,0,0,p
2014-10-23 23:54,1.946,0.062,1,0,0,0,p
2014-10-24 00:00,2.165,0.082,0,0,0,0,p
2014-10-24 00:06,2.385,0.072,1,0,0,0,p
2014-10-24 00:12,2.628,0.066,0,0,0,0,p
2014-10-24 00:18,2.874,0.052,1,0,0,0,p
2014-10-24 00:24,3.123,0.049,0,0,0,0,p
2014-10-24 00:30,3.392,0.049,1,0,0,0,p
2014-10-24 00:36,3.681,0.046,0,0,0,0,p
2014-10-24 00:42,3.983,0.043,1,0,0,0,p
2014-10-24 00:48,4.288,0.046,0,0,0,0,p
2014-10-24 00:54,4.587,0.039,1,0,0,0,p
2014-10-24 01:00,4.888,0.043,1,0,0,0,p
2014-10-24 01:06,5.184,0.049,1,0,0,0,p
2014-10-24 01:12,5.466,0.043,1,0,0,0,p
2014-10-24 01:18,5.745,0.046,0,0,0,0,p
2014-10-24 01:24,6.007,0.036,1,0,0,0,p
2014-10-24 01:30,6.253,0.039,0,0,0,0,p
2014-10-24 01:36,6.490,0.036,0,0,0,0,p
2014-10-24 01:42,6.716,0.033,1,0,0,0,p
2014-10-24 01:48,6.936,0.033,1,0,0,0,p
2014-10-24 01:54,7.119,0.033,0,0,0,0,p
2014-10-24 02:00,7.290,0.030,0,0,0,0,p
2014-10-24 02:06,7.454,0.030,0,0,0,0,p
2014-10-24 02:12,7.592,0.026,1,0,0,0,p
2014-10-24 02:18,7.697,0.030,1,0,0,0,p
2014-10-24 02:24,7.795,0.020,1,0,0,0,p
2014-10-24 02:30,7.867,0.020,1,0,0,0,p
2014-10-24 02:36,7.927,0.020,0,0,0,0,p
2014-10-24 02:42,7.976,0.013,1,0,0,0,p
2014-10-24 02:48,8.015,0.016,1,0,0,0,p
2014-10-24 02:54,8.054,0.013,1,0,0,0,p
2014-10-24 03:00,8.084,0.013,0,0,0,0,p
2014-10-24 03:06,8.110,0.013,1,0,0,0,p
2014-10-24 03:12,8.130,0.016,1,0,0,0,p
2014-10-24 03:18,8.163,0.013,1,0,0,0,p
2014-10-24 03:24,8.182,0.013,1,0,0,0,p
2014-10-24 03:30,8.196,0.016,0,0,0,0,p
2014-10-24 03:36,8.212,0.010,1,0,0,0,p
2014-10-24 03:42,8.225,0.013,1,0,0,0,p
2014-10-24 03:48,8.228,0.013,1,0,0,0,p
2014-10-24 03:54,8.241,0.016,1,0,0,0,p
2014-10-24 04:00,8.238,0.013,1,0,0,0,p
2014-10-24 04:06,8.232,0.016,1,0,0,0,p
2014-10-24 04:12,8.222,0.013,1,0,0,0,p
2014-10-24 04:18,8.215,0.013,1,0,0,0,p
2014-10-24 04:24,8.202,0.013,1,0,0,0,p
2014-10-24 04:30,8.176,0.013,1,0,0,0,p
2014-10-24 04:36,8.146,0.013,1,0,0,0,p
2014-10-24 04:42,8.120,0.013,1,0,0,0,p
2014-10-24 04:48,8.091,0.013,0,0,0,0,p
2014-10-24 04:54,8.058,0.016,1,0,0,0,p
2014-10-24 05:00,8.009,0.013,1,0,0,0,p
2014-10-24 05:06,7.963,0.016,1,0,0,0,p
2014-10-24 05:12,7.913,0.013,1,0,0,0,p
2014-10-24 05:18,7.858,0.016,1,0,0,0,p
2014-10-24 05:24,7.785,0.013,1,0,0,0,p
2014-10-24 05:30,7.697,0.016,1,0,0,0,p
2014-10-24 05:36,7.608,0.016,1,0,0,0,p
2014-10-24 05:42,7.500,0.020,1,0,0,0,p
2014-10-24 05:48,7.375,0.020,1,0,0,0,p
2014-10-24 05:54,7.244,0.020,1,0,0,0,p
2014-10-24 06:00,7.090,0.023,1,0,0,0,p
2014-10-24 06:06,6.919,0.026,1,0,0,0,p
2014-10-24 06:12,6.745,0.026,0,0,0,0,p
2014-10-24 06:18,6.562,0.030,1,0,0,0,p
14 03:36,1.112,0.023,1,0,0,0,p
2014-09-14 03:42,1.257,0.026,0,0,0,0,p
2014-09-14 03:36,1.112,0.023,1,0,0,0,p
,1,0,0,0,p
2014-09-12 12:06,0.085,0.026,1,0,0,0,p





,p
p
p
